usuario;resenha
usuario1;Gostei bastante do produto, entrega o que promete e tem ótimo custo-benefício.
usuario2;Produto bom, mas poderia ter melhorias em alguns detalhes.
usuario3;Não achei tão bom quanto esperava, porém funciona razoavelmente bem.
usuario4;Experiência incrível, recomendo para quem busca qualidade e praticidade.
usuario5;Produto excelente, superou minhas expectativas em qualidade e desempenho.
usuario6;Gostei bastante do produto, entrega o que promete e tem ótimo custo-benefício.
usuario7;Produto bom, mas poderia ter melhorias em alguns detalhes.
usuario8;Não achei tão bom quanto esperava, porém funciona razoavelmente bem.
usuario9;Experiência incrível, recomendo para quem busca qualidade e praticidade.
usuario10;Produto excelente, superou minhas expectativas em qualidade e desempenho.
usuario11;Gostei bastante do produto, entrega o que promete e tem ótimo custo-benefício.
usuario12;Produto bom, mas poderia ter melhorias em alguns detalhes.
usuario13;Não achei tão bom quanto esperava, porém funciona razoavelmente bem.
usuario14;Experiência incrível, recomendo para quem busca qualidade e praticidade.
usuario15;Produto excelente, superou minhas expectativas em qualidade e desempenho.
usuario16;Gostei bastante do produto, entrega o que promete e tem ótimo custo-benefício.
usuario17;Produto bom, mas poderia ter melhorias em alguns detalhes.
usuario18;Não achei tão bom quanto esperava, porém funciona razoavelmente bem.
usuario19;Experiência incrível, recomendo para quem busca qualidade e praticidade.
usuario20;Produto excelente, superou minhas expectativas em qualidade e desempenho.
usuario21;Gostei bastante do produto, entrega o que promete e tem ótimo custo-benefício.
usuario22;Produto bom, mas poderia ter melhorias em alguns detalhes.
usuario23;Não achei tão bom quanto esperava, porém funciona razoavelmente bem.
usuario24;Experiência incrível, recomendo para quem busca qualidade e praticidade.
usuario25;Produto excelente, superou minhas expectativas em qualidade e desempenho.
usuario26;Gostei bastante do produto, entrega o que promete e tem ótimo custo-benefício.
usuario27;Produto bom, mas poderia ter melhorias em alguns detalhes.
usuario28;Não achei tão bom quanto esperava, porém funciona razoavelmente bem.
usuario29;Experiência incrível, recomendo para quem busca qualidade e praticidade.
usuario30;Produto excelente, superou minhas expectativas em qualidade e desempenho.
usuario31;Gostei bastante do produto, entrega o que promete e tem ótimo custo-benefício.
usuario32;Produto bom, mas poderia ter melhorias em alguns detalhes.
usuario33;Não achei tão bom quanto esperava, porém funciona razoavelmente bem.
usuario34;Experiência incrível, recomendo para quem busca qualidade e praticidade.
usuario35;Produto excelente, superou minhas expectativas em qualidade e desempenho.
usuario36;Gostei bastante do produto, entrega o que promete e tem ótimo custo-benefício.
usuario37;Produto bom, mas poderia ter melhorias em alguns detalhes.
usuario38;Não achei tão bom quanto esperava, porém funciona razoavelmente bem.
usuario39;Experiência incrível, recomendo para quem busca qualidade e praticidade.
usuario40;Produto excelente, superou minhas expectativas em qualidade e desempenho.
usuario41;Gostei bastante do produto, entrega o que promete e tem ótimo custo-benefício.
usuario42;Produto bom, mas poderia ter melhorias em alguns detalhes.
usuario43;Não achei tão bom quanto esperava, porém funciona razoavelmente bem.
usuario44;Experiência incrível, recomendo para quem busca qualidade e praticidade.
usuario45;Produto excelente, superou minhas expectativas em qualidade e desempenho.
usuario46;Gostei bastante do produto, entrega o que promete e tem ótimo custo-benefício.
usuario47;Produto bom, mas poderia ter melhorias em alguns detalhes.
usuario48;Não achei tão bom quanto esperava, porém funciona razoavelmente bem.
usuario49;Experiência incrível, recomendo para quem busca qualidade e praticidade.
usuario50;Produto excelente, superou minhas expectativas em qualidade e desempenho.
